7.858082416207465,7.858082406432544,7.8580824076196505,7.858082432271716,7.8580824306992065,7.858082429217896,7.858082427839463,7.858082426577109,7.858082425445304,7.858082424461459,7.858082423646256,7.858082423026095,7.858082422633565,7.858082422514284,7.858082422729051,7.858082423364676,7.858082424550539,7.858082426485246,7.858082429493843,7.858082434145881,7.85808244153868,7.858082454084244,1.8351680992677606,1.9255548021797204,1.9491193223082273,1.9491192382526688,1.9491192577295349,1.949119210337618,1.9491195778169008,1.9491183504220528
1.552432687981989,1.5524326838142049,1.5524326843207015,1.5524326948324607,1.5524326941619881,1.5524326935303983,1.5524326929426755,1.5524326924044285,1.5524326919219003,1.5524326915024298,1.5524326911548965,1.5524326908902932,1.5524326907232049,1.5524326906722874,1.5524326907637982,1.552432691035052,1.552432691540647,1.552432692365613,1.5524326936485688,1.5524326956322474,1.5524326987843,1.552432704133503,1.293607607637183e-6,0.24711802349970474,0.26408057402728385,0.2640805169545262,0.26408053151169625,0.2640805004880321,0.26408075619706983,0.2640799257565857
4.438855685228142,4.4388556848122205,4.438855684862157,4.4388556859097195,4.438855685842812,4.438855685779791,4.438855685721089,4.4388556856673835,4.438855685619206,4.43885568557732,4.438855685542552,4.438855685516123,4.438855685499425,4.4388556854943015,4.4388556855032935,4.438855685530303,4.438855685580595,4.4388556856627694,4.438855685790604,4.438855685988277,4.438855686302915,4.438855686836485,1.8398235580795284,1.3765270920450325,1.3726258908955151,1.3726259006956412,1.372625896494971,1.3726259003479344,1.3726258485318994,1.3726259873677142
-12.23457887523463,-12.23457887509585,-12.234578875110868,-12.234578875456453,-12.234578875434153,-12.234578875413112,-12.234578875393494,-12.23457887537553,-12.234578875359393,-12.23457887534534,-12.23457887533364,-12.2345788753247,-12.234578875318983,-12.234578875317085,-12.23457887531989,-12.234578875328618,-12.234578875345065,-12.234578875372076,-12.234578875414073,-12.234578875479283,-12.234578875584173,-12.234578875761834,-3.6663893373292766,-3.5119571779517353,-3.5106567756428975,-3.510656776401326,-3.5106567716028745,-3.510656768024183,-3.5106567432186706,-3.510656744069315
2.269617314874086,2.2696173152899197,2.269617315238955,2.2696173141891167,2.269617314256026,2.2696173143190252,2.269617314377696,2.2696173144313616,2.269617314479492,2.26961731452132,2.269617314556018,2.2696173145823653,2.269617314598967,2.2696173146039738,2.2696173145948433,2.269617314567668,2.2696173145171765,2.2696173144347607,2.269617314306539,2.269617314108436,2.2696173137938036,2.2696173132601096,4.326637646752074e-6,0.4633007913354457,0.46720199126767376,0.46720197988196344,0.4672019819344776,0.46720197500740857,0.46720202206121575,0.46720185450856655
-0.08666073253516259,-0.0866607323377142,-0.08666073236170566,-0.08666073285968999,-0.08666073282792656,-0.08666073279800421,-0.08666073277016136,-0.08666073274466263,-0.08666073272180201,-0.08666073270192955,-0.08666073268546427,-0.08666073267292934,-0.08666073266501266,-0.08666073266260015,-0.08666073266694027,-0.08666073267978693,-0.08666073270373861,-0.08666073274282152,-0.08666073280359808,-0.08666073289757284,-0.08666073304690115,-0.08666073330031795,-6.689161605188464e-8,-0.01406663957803378,-0.01490121811881647,-0.014901215326743558,-0.014901216035614725,-0.014901214515050637,-0.014901227009397666,-0.014901186375908005
-11.951236475230234,-11.951236475091457,-11.951236475106533,-11.951236475452244,-11.951236475429946,-11.951236475408907,-11.95123647538929,-11.951236475371326,-11.951236475355195,-11.951236475341144,-11.951236475329448,-11.951236475320513,-11.9512364753148,-11.95123647531291,-11.951236475315723,-11.951236475324459,-11.951236475340918,-11.951236475367942,-11.95123647540996,-11.951236475475195,-11.951236475580087,-11.951236475757753,-3.6575629228200577,-3.503130763517885,-3.5018303612776838,-3.501830362125514,-3.5018303574481853,-3.5018303540428257,-3.5018303295058293,-3.501830331975657
0.6967457833219739,0.6967457833219632,0.6967457833218201,0.6967457833215098,0.6967457833215008,0.6967457833215019,0.6967457833215001,0.6967457833214915,0.6967457833214854,0.6967457833214767,0.6967457833214692,0.696745783321459,0.6967457833214417,0.6967457833214271,0.6967457833214064,0.6967457833213848,0.6967457833213581,0.6967457833213253,0.6967457833212729,0.6967457833212116,0.6967457833212088,0.6967457833211941,0.021704368989678077,0.021704368804344894,0.02170436863556786,0.02170436841572466,0.02170436811787917,0.021704367691655114,0.02170436703136635,0.02170436304975659
1.357545753229059e-11,1.357545753229059e-11,1.357545753229059e-11,1.357545753229059e-11,1.357545753229059e-11,1.357545753229059e-11,1.357545753229059e-11,1.357545753229059e-11,1.357545753229059e-11,1.357545753229059e-11,1.357545753229059e-11,1.357545753229059e-11,1.357545753229059e-11,1.357545753229059e-11,1.357545753229059e-11,1.357545753229059e-11,1.357545753229059e-11,1.357545753229059e-11,1.357545753229059e-11,1.357545753229059e-11,1.357545753229059e-11,1.357545753229059e-11,1.357545753229059e-11,1.357545753229059e-11,1.357545753229059e-11,1.357545753229059e-11,1.357545753229059e-11,1.357545753229059e-11,1.357545753229059e-11,1.357545753229059e-11
3.311159289292144e-9,3.311159294527595e-9,3.3111592938811574e-9,3.3111592924138817e-9,3.311159290785899e-9,3.31115928931871e-9,3.31115928808102e-9,3.3111592870554565e-9,3.3111592862292044e-9,3.311159285564713e-9,3.311159285017161e-9,3.3111592845152643e-9,3.3111592838038964e-9,3.3111592859006677e-9,3.3111593018736432e-9,3.311159291034707e-9,3.3111593253050383e-9,3.311159267130822e-9,3.311159214356731e-9,3.3111591918955484e-9,3.3111592998883424e-9,3.311159268001151e-9,3.3111585652807204e-9,3.311159479970421e-9,3.3111594897864062e-9,3.3111594796977603e-9,3.311159476206932e-9,3.3111594971564043e-9,3.3111595472557318e-9,3.3111620981708566e-9
4.968053502683764,4.968053482209861,4.968053484698114,4.968053536335939,4.968053533042353,4.9680535299396835,4.968053527052832,4.968053524408584,4.968053522038221,4.968053519977628,4.968053518270298,4.968053516970725,4.968053516149486,4.9680535158996015,4.96805351634961,4.968053517681418,4.968053520165636,4.968053524218327,4.968053530520263,4.968053540264901,4.968053555749054,4.9680535820264,0.005653894481803311,0.6029339449946656,0.6702367657839599,0.6702365340175742,0.6702365938065009,0.6702364684066942,0.6702375099465172,0.6702341391084863
3.1065959196303146,3.106595920511642,3.1065959204039673,3.10659591817976,3.10659591832155,3.1065959184551093,3.1065959185793637,3.10659591869317,3.1065959187951884,3.106595918883866,3.1065959189573085,3.106595919013221,3.1065959190485177,3.106595919059221,3.106595919039791,3.1065959189823444,3.1065959188753016,3.1065959187007057,3.1065959184292016,3.1065959180094693,3.106595917342932,3.106595916211613,0.8871756891321275,0.6636602283793059,0.6581474601044158,0.6581474769051292,0.6581474711307944,0.6581474789728147,0.6581473967764633,0.6581476379430024
3.1065959196303146,3.106595920511642,3.1065959204039673,3.10659591817976,3.10659591832155,3.1065959184551093,3.1065959185793637,3.10659591869317,3.1065959187951884,3.106595918883866,3.1065959189573085,3.106595919013221,3.1065959190485177,3.106595919059221,3.106595919039791,3.1065959189823444,3.1065959188753016,3.1065959187007057,3.1065959184292016,3.1065959180094693,3.106595917342932,3.106595916211613,0.8871756891321275,0.6636602283793059,0.6581474601044158,0.6581474769051292,0.6581474711307944,0.6581474789728147,0.6581473967764633,0.6581476379430024
8.492108850122223,8.492108843626335,8.492108844415867,8.492108860799176,8.492108859754268,8.49210885876986,8.492108857853866,8.492108857014964,8.49210885626296,8.49210885560914,8.492108855067446,8.492108854655118,8.49210885439452,8.492108854315305,8.492108854458134,8.492108854880811,8.492108855668802,8.492108856954605,8.492108858954111,8.492108862045905,8.492108866958294,8.492108875295687,6.860000834865231,7.077250809116207,7.0969616340368225,7.096961566157228,7.096961583619483,7.096961546850268,7.096961851669454,7.096960864312843
2.424730366800875,2.4247303573407106,2.4247303584904145,2.424730382349879,2.424730380828025,2.4247303793944583,2.424730378060671,2.4247303768387454,2.42473037574361,2.4247303747914297,2.4247303740025243,2.424730373402149,2.4247303730224816,2.4247303729071508,2.4247303731150636,2.424730373730252,2.4247303748782727,2.424730376750841,2.4247303796626354,2.4247303841651453,2.4247303913199474,2.4247304034613157,8.936096217546013e-7,0.33951121519391564,0.36642450250070197,0.36642440946107707,0.366424433346149,0.36642438290511536,0.3664248004766032,0.366423447039864
6.622318578584291e-9,6.622318589055192e-9,6.622318587762317e-9,6.622318584827766e-9,6.622318581571761e-9,6.6223185786374224e-9,6.622318576162042e-9,6.6223185741109156e-9,6.6223185724584105e-9,6.622318571129428e-9,6.6223185700343255e-9,6.622318569030491e-9,6.622318567607795e-9,6.622318571801338e-9,6.62231860374729e-9,6.622318582069416e-9,6.6223186506100394e-9,6.6223185342616475e-9,6.622318428713465e-9,6.622318383791099e-9,6.622318599776687e-9,6.622318536002304e-9,6.622317130561259e-9,6.622318959940856e-9,6.622318979572804e-9,6.622318959395492e-9,6.62231895241383e-9,6.6223189943127855e-9,6.622319094511473e-9,6.622324196341724e-9
2.421070867446175,2.421070853805189,2.42107085546292,2.421070889867683,2.4210708876734133,2.421070885606208,2.4210708836830337,2.4210708819212186,2.421070880341842,2.4210708789687994,2.4210708778313794,2.42107087696621,2.421070876418322,2.4210708762519397,2.4210708765518816,2.421070877439493,2.421070879094197,2.4210708817944395,2.421070885993335,2.421070892485628,2.4210709028017923,2.421070920309861,8.934656810363606e-7,0.2502268072433559,0.2771621678392431,0.27716207361792206,0.27716209791418683,0.2771620469259587,0.2771624703023614,0.27716109991455495
2.421070867446175,2.421070853805189,2.42107085546292,2.421070889867683,2.4210708876734133,2.4210708856062073,2.4210708836830337,2.4210708819212186,2.421070880341842,2.4210708789687994,2.4210708778313794,2.42107087696621,2.4210708764183217,2.4210708762519397,2.4210708765518816,2.4210708774394933,2.421070879094197,2.42107088179444,2.421070885993335,2.421070892485628,2.4210709028017923,2.421070920309861,8.934656808057133e-7,0.25022680724335555,0.27716216783924336,0.2771620736179221,0.27716209791418656,0.2771620469259588,0.2771624703023613,0.2771610999145547
0.8424861462459493,0.8424861472862771,0.8424861471596727,0.8424861445353726,0.8424861447027271,0.8424861448603688,0.842486145007065,0.8424861451414061,0.8424861452618463,0.8424861453665559,0.8424861454532877,0.8424861455192636,0.8424861455610277,0.8424861455737092,0.8424861455508249,0.8424861454830769,0.842486145356849,0.8424861451508675,0.8424861448305639,0.8424861443353515,0.8424861435485427,0.8424861422133006,0.8695539803581704,0.22174337921475204,0.2124945672269419,0.21249459557766037,0.21249458768848548,0.21249460252918886,0.21249447244798422,0.21249488351230145
21.805385215228263,21.805385144655972,21.805385153232013,21.805385331224226,21.805385319871558,21.805385309176934,21.805385299226117,21.805385290111914,21.805385281941223,21.80538527483803,21.805385268953202,21.80538526447486,21.80538526164249,21.805385260781474,21.805385262332717,21.805385266923466,21.805385275486035,21.805385289455327,21.805385311178075,21.805385344766968,21.80538539813817,21.80538548871583,2.7058075681503015,5.468733117914685,5.677201958681181,5.677201242045378,5.67720142573358,5.677201036964641,5.6772042519706325,5.6771938265175
4.983366666691754,4.983366663925824,4.983366664261137,4.983366671235591,4.983366670790753,4.983366670371632,4.9833666699819394,4.983366669624522,4.983366669304292,4.9833666690256715,4.983366668795051,4.98336666862023,4.9833666685083,4.9833666684747016,4.983366668535489,4.983366668715394,4.983366669050565,4.983366669597959,4.983366670449128,4.983366671764971,4.9833666738566675,4.983366677406552,1.8078107327170663,1.6458347605962533,1.6310801867199425,1.6310802337020698,1.631080219623934,1.6310802433471212,1.631080023110388,1.631080702094259
0.1894000000029401,0.1894000000029368,0.18940000000289808,0.18940000000281232,0.18940000000281235,0.18940000000281154,0.18940000000281035,0.18940000000280885,0.18940000000280705,0.18940000000280485,0.18940000000280227,0.1894000000027992,0.1894000000027955,0.1894000000027911,0.1894000000027859,0.18940000000277965,0.18940000000277216,0.18940000000276305,0.18940000000274843,0.18940000000273224,0.18940000000273247,0.18940000000272778,0.005900009698675925,0.0059000096482956215,0.005900009602415794,0.005900009542654882,0.00590000946169054,0.005900009345827026,0.005900009166337928,0.005900008083995972
-0.15229705525244897,-0.1522970548986998,-0.15229705494168377,-0.15229705583387634,-0.15229705577696864,-0.1522970557233595,-0.15229705567347637,-0.15229705562779286,-0.15229705558683584,-0.15229705555123213,-0.15229705552173295,-0.15229705549927527,-0.15229705548509206,-0.15229705548076977,-0.15229705548854566,-0.15229705551156195,-0.1522970555544738,-0.15229705562449516,-0.15229705573338304,-0.15229705590174905,-0.15229705616928668,-0.1522970566233089,-1.2899446165397193e-7,-0.02443856632062447,-0.025908739211989468,-0.02590873429273401,-0.02590873554197613,-0.025908732863213442,-0.02590875487799216,-0.025908683287949145
-16.081682212828834,-16.081682221111812,-16.081682220102277,-16.08168219920433,-16.081682200536875,-16.08168220179207,-16.081682202960035,-16.081682204029637,-16.08168220498851,-16.081682205822027,-16.08168220651255,-16.081682207038178,-16.081682207369997,-16.081682207470834,-16.081682207288623,-16.08168220674904,-16.08168220574364,-16.08168220410336,-16.081682201552486,-16.081682197608835,-16.081682191344314,-16.081682180712733,-5.371960763884616,-4.846017331424557,-4.8120508563842845,-4.812050965879501,-4.812050930664028,-4.812050983867997,-4.812050459408578,-4.812052036507578
1.3769374899139442,1.376937490191169,1.3769374901572202,1.3769374894573894,1.3769374895019957,1.3769374895439959,1.3769374895831106,1.3769374896188886,1.376937489650977,1.3769374896788638,1.3769374897019977,1.3769374897195648,1.3769374897306355,1.3769374897339763,1.376937489727893,1.3769374897097808,1.376937489676125,1.3769374896211877,1.3769374895357167,1.37693748940366,1.376937489193905,1.3769374888381125,-0.00423804254631042,0.3046262672884356,0.3072270672762327,0.3072270597287153,0.3072270611552552,0.3072270566204919,0.30722708811871347,0.3072269771949347
3.1065959196303146,3.106595920511642,3.1065959204039673,3.10659591817976,3.10659591832155,3.1065959184551093,3.1065959185793637,3.10659591869317,3.1065959187951884,3.106595918883866,3.1065959189573085,3.106595919013221,3.1065959190485177,3.106595919059221,3.106595919039791,3.1065959189823444,3.1065959188753016,3.1065959187007057,3.1065959184292016,3.1065959180094693,3.106595917342932,3.106595916211613,0.8871756891321275,0.6636602283793059,0.6581474601044158,0.6581474769051292,0.6581474711307944,0.6581474789728147,0.6581473967764633,0.6581476379430024
-0.8926798249601421,-0.892679825098751,-0.8926798250817348,-0.8926798247317269,-0.8926798247540301,-0.8926798247750293,-0.8926798247945854,-0.8926798248124728,-0.8926798248285149,-0.8926798248424561,-0.8926798248540203,-0.8926798248628004,-0.8926798248683319,-0.8926798248699975,-0.8926798248669502,-0.8926798248578874,-0.8926798248410515,-0.892679824813573,-0.8926798247708218,-0.8926798247047759,-0.8926798245998986,-0.8926798244219973,-0.004242369183957172,-0.15867452404701016,-0.15997492399144106,-0.15997492015324816,-0.15997492077922235,-0.15997491838691666,-0.1599749339425023,-0.1599748773136318
4.285786651686348,4.285786634592948,4.2857866366703945,4.28578667978279,4.285786677032942,4.285786674442537,4.285786672032142,4.285786669824687,4.2857866678456205,4.285786666125259,4.285786664699814,4.285786663614648,4.285786662929442,4.285786662720627,4.285786663096351,4.285786664208627,4.28578666628221,4.285786669665805,4.28578667492751,4.285786683063278,4.285786695990956,4.285786717929702,2.3580669567273018e-6,0.5704069434498026,0.6223759306184994,0.6223757516089613,0.6223757976647679,0.6223757007026924,0.6223765045837354,0.622373900774711
25.88804028627093,25.888040208117655,25.888040217614794,25.88804041472701,25.888040402154697,25.888040390311183,25.88804037929115,25.88804036919803,25.88804036014958,25.888040352283486,25.888040345766353,25.888040340806327,25.888040337670756,25.88804033671688,25.888040338434323,25.8880403435188,25.888040353000605,25.888040368470467,25.888040392526822,25.88804042972389,25.888040488829084,25.88804058913635,2.7211475366898683,5.655704130772561,5.895351029376655,5.89535020393777,5.89535041450624,5.8953499658388,5.895353664275776,5.895341653750839
1.3574802500165318e-11,1.3574800338551816e-11,1.3574798555863331e-11,1.3574797090874044e-11,1.3574795907641153e-11,1.357479494334312e-11,1.3574794142799795e-11,1.3574793461119089e-11,1.3574792855922061e-11,1.3574792292482103e-11,1.3574791732968875e-11,1.3574791102435095e-11,1.357478998358191e-11,1.357479611167738e-11,1.3574844094543486e-11,1.3574815976990284e-11,1.3574809810391976e-11,1.3574811220268229e-11,1.3574810809812746e-11,1.3574811302685393e-11,1.3574813709457936e-11,1.3574813291139682e-11,1.3569124029514163e-11,1.357484292197718e-11,1.357484229773303e-11,1.3574839830382939e-11,1.3574840158478487e-11,1.3574843198742636e-11,1.3574889794741632e-11,1.3574565969894704e-11
11.951236475230234,11.951236475091457,11.951236475106533,11.951236475452244,11.951236475429946,11.951236475408907,11.95123647538929,11.951236475371326,11.951236475355195,11.951236475341144,11.951236475329448,11.951236475320513,11.9512364753148,11.95123647531291,11.951236475315723,11.951236475324459,11.951236475340918,11.951236475367942,11.95123647540996,11.951236475475195,11.951236475580087,11.951236475757753,3.6575629228200577,3.503130763517885,3.5018303612776838,3.501830362125514,3.5018303574481853,3.5018303540428257,3.5018303295058293,3.501830331975657
4.397182819300376,4.397182801929921,4.397182804041034,4.397182847852192,4.397182845057774,4.397182842425383,4.397182839975919,4.397182837732686,4.397182835721542,4.397182833973296,4.397182832524747,4.3971828314219925,4.397182830725678,4.397182830513478,4.397182830895293,4.397182832025595,4.397182834132787,4.397182837571223,4.397182842918208,4.397182851185839,4.397182864323051,4.397182886617386,2.4418713745488464e-6,0.5881199736667955,0.6412065312689827,0.6412063485050609,0.6412063955163935,0.6412062965117041,0.6412071172042368,0.641204458762231
1.3574802500165085e-11,1.3574800338551828e-11,1.3574798555863538e-11,1.3574797090873808e-11,1.3574795907641072e-11,1.3574794943343214e-11,1.3574794142799795e-11,1.357479346111916e-11,1.3574792855922326e-11,1.357479229248208e-11,1.3574791732968881e-11,1.3574791102435098e-11,1.3574789983582194e-11,1.3574796111677481e-11,1.3574844094543419e-11,1.3574815976990449e-11,1.3574809810392018e-11,1.3574811220268138e-11,1.3574810809812672e-11,1.357481130268506e-11,1.3574813709457497e-11,1.357481329113965e-11,1.3569124029513917e-11,1.3574842921977096e-11,1.3574842297733104e-11,1.3574839830383175e-11,1.3574840158478574e-11,1.357484319874281e-11,1.3574889794741729e-11,1.3574565969894869e-11
2.6241365793352354,2.6241365808828196,2.624136580694228,2.6241365767897498,2.62413657703872,2.624136577273247,2.6241365774914533,2.6241365776913015,2.6241365778704604,2.624136578026197,2.624136578155202,2.624136578253413,2.6241365783154276,2.6241365783342747,2.624136578300214,2.62413657819942,2.6241365780115644,2.624136577705098,2.624136577228529,2.6241365764917126,2.624136575321293,2.6241365733348707,0.8808099592005214,0.6126496337937627,0.6043946710139412,0.6043946970747138,0.6043946890497772,0.6043947020218486,0.6043945788540919,0.604394955005849
-0.8424861462459493,-0.8424861472862771,-0.8424861471596727,-0.8424861445353727,-0.8424861447027271,-0.8424861448603688,-0.8424861450070649,-0.8424861451414063,-0.8424861452618463,-0.8424861453665557,-0.8424861454532877,-0.8424861455192634,-0.8424861455610277,-0.8424861455737092,-0.8424861455508249,-0.8424861454830769,-0.8424861453568488,-0.8424861451508675,-0.8424861448305639,-0.8424861443353515,-0.8424861435485426,-0.8424861422133006,-0.8695539803581703,-0.22174337921475204,-0.2124945672269419,-0.21249459557766037,-0.21249458768848548,-0.21249460252918886,-0.21249447244798422,-0.21249488351230145
0.7226554449575028,0.7226554450961146,0.7226554450791332,0.7226554447292023,0.7226554447515054,0.7226554447725054,0.7226554447920626,0.7226554448099514,0.7226554448259951,0.7226554448399382,0.7226554448515047,0.7226554448602877,0.7226554448658223,0.722655444867492,0.7226554448644493,0.7226554448553921,0.7226554448385628,0.7226554448110926,0.7226554447683545,0.7226554447023231,0.7226554445974457,0.7226554444195485,-0.0010540695225442057,0.15337808538573516,0.1546784853713524,0.15467848158680686,0.15467848228546274,0.15467847999716774,0.15467849571388076,0.15467844005662862
5.015953095143207,5.01595307235303,5.015953075122902,5.015953132603694,5.015953128937393,5.015953125483677,5.015953122269938,5.015953119326816,5.015953116688191,5.015953114394477,5.015953112493943,5.015953111047152,5.0159531101335935,5.015953109855209,5.015953110356135,5.015953111839134,5.015953114603784,5.0159531191150455,5.015953126130402,5.015953136977626,5.015953154213831,5.015953183464107,1.7969347048692858e-6,0.5586991359248322,0.6177534941447594,0.617753289070788,0.6177533418964481,0.6177532308717819,0.617754152098228,0.617751169307287
0.7226554449575028,0.7226554450961146,0.7226554450791332,0.7226554447292023,0.7226554447515054,0.7226554447725054,0.7226554447920626,0.7226554448099514,0.7226554448259951,0.7226554448399382,0.7226554448515047,0.7226554448602877,0.7226554448658223,0.722655444867492,0.7226554448644493,0.7226554448553921,0.7226554448385628,0.7226554448110926,0.7226554447683545,0.7226554447023231,0.7226554445974457,0.7226554444195485,-0.0010540695225442057,0.15337808538573516,0.1546784853713524,0.15467848158680686,0.15467848228546274,0.15467847999716774,0.15467849571388076,0.15467844005662862
0.6542820449564414,0.6542820450950544,0.6542820450780871,0.6542820447281871,0.6542820447504901,0.6542820447714905,0.654282044791048,0.6542820448089374,0.6542820448249818,0.6542820448389256,0.6542820448504931,0.6542820448592772,0.6542820448648131,0.6542820448664844,0.6542820448634435,0.6542820448543888,0.6542820448375621,0.6542820448100951,0.6542820447673623,0.6542820447013368,0.6542820445964592,0.6542820444185639,-0.0031839730237662144,0.15124818190270045,0.1525485819048803,0.15254857814190842,0.15254857886979248,0.15254857662332416,0.15254859240483273,0.15254853713830607
5.802364715139284,5.8023647150005875,5.802364715016578,5.802364715364314,5.802364715342013,5.8023647153209925,5.802364715301405,5.802364715283477,5.802364715267387,5.802364715253388,5.802364715241754,5.802364715232892,5.802364715227265,5.802364715225481,5.802364715228403,5.802364715237293,5.80236471525393,5.802364715281168,5.802364715323533,5.80236471538915,5.802364715494033,5.802364715671811,1.8351672058020863,1.6807350486468327,1.6794346474883646,1.67943464974521,1.67943464697682,1.6794346463032355,1.6794346259981476,1.6794346539869223
-9.933477867876438e-9,-9.93347788358279e-9,-9.933477881643476e-9,-9.93347787724165e-9,-9.933477872357625e-9,-9.933477867956135e-9,-9.933477864243065e-9,-9.933477861166375e-9,-9.933477858687618e-9,-9.933477856694144e-9,-9.933477855051489e-9,-9.93347785354572e-9,-9.933477851411694e-9,-9.933477857702009e-9,-9.933477905620936e-9,-9.933477873104125e-9,-9.93347797591504e-9,-9.933477801392473e-9,-9.933477643070198e-9,-9.933477575686651e-9,-9.933477899665032e-9,-9.933477804003459e-9,-9.933475695841753e-9,-9.933478439911291e-9,-9.933478469359203e-9,-9.933478439093223e-9,-9.933478428620728e-9,-9.933478491469166e-9,-9.933478641767214e-9,-9.933486294512591e-9
-2.715091506458118e-11,-2.715091506458118e-11,-2.715091506458118e-11,-2.715091506458118e-11,-2.715091506458118e-11,-2.715091506458118e-11,-2.715091506458118e-11,-2.715091506458118e-11,-2.715091506458118e-11,-2.715091506458118e-11,-2.715091506458118e-11,-2.715091506458118e-11,-2.715091506458118e-11,-2.715091506458118e-11,-2.715091506458118e-11,-2.715091506458118e-11,-2.715091506458118e-11,-2.715091506458118e-11,-2.715091506458118e-11,-2.715091506458118e-11,-2.715091506458118e-11,-2.715091506458118e-11,-2.715091506458118e-11,-2.715091506458118e-11,-2.715091506458118e-11,-2.715091506458118e-11,-2.715091506458118e-11,-2.715091506458118e-11,-2.715091506458118e-11,-2.715091506458118e-11
0.08666073253516259,0.0866607323377142,0.08666073236170566,0.08666073285968999,0.08666073282792656,0.08666073279800421,0.08666073277016136,0.08666073274466263,0.08666073272180201,0.08666073270192955,0.08666073268546427,0.08666073267292934,0.08666073266501266,0.08666073266260015,0.08666073266694027,0.08666073267978693,0.08666073270373861,0.08666073274282152,0.08666073280359808,0.08666073289757284,0.08666073304690115,0.08666073330031795,6.689161605188254e-8,0.01406663957803378,0.01490121811881647,0.014901215326743558,0.014901216035614725,0.014901214515050637,0.014901227009397666,0.014901186375908005
16.081682212828834,16.081682221111812,16.081682220102277,16.08168219920433,16.081682200536875,16.08168220179207,16.081682202960035,16.081682204029637,16.08168220498851,16.081682205822027,16.08168220651255,16.081682207038178,16.081682207369997,16.081682207470834,16.081682207288623,16.08168220674904,16.08168220574364,16.08168220410336,16.081682201552486,16.081682197608835,16.081682191344314,16.081682180712733,5.371960763884616,4.846017331424557,4.8120508563842845,4.812050965879501,4.812050930664028,4.812050983867997,4.812050459408578,4.812052036507578
-2.7149605000330132e-11,-2.7149600677103657e-11,-2.7149597111727077e-11,-2.7149594181747655e-11,-2.7149591815282144e-11,-2.7149589886686467e-11,-2.714958828559959e-11,-2.714958692223832e-11,-2.7149585711844652e-11,-2.7149584584964122e-11,-2.7149583465937723e-11,-2.7149582204870196e-11,-2.7149579967164388e-11,-2.7149592223354923e-11,-2.7149688189086798e-11,-2.7149631953980898e-11,-2.7149619620784035e-11,-2.7149622440536276e-11,-2.7149621619625344e-11,-2.714962260537016e-11,-2.7149627418914954e-11,-2.714962658227926e-11,-2.7138248058983108e-11,-2.7149685843954172e-11,-2.7149684595466246e-11,-2.714967966076635e-11,-2.7149680316957187e-11,-2.714968639748562e-11,-2.7149779589483458e-11,-2.71491319397897e-11
1.5524326879819887,1.5524326838142049,1.5524326843207015,1.5524326948324612,1.5524326941619888,1.5524326935303987,1.552432692942675,1.5524326924044292,1.5524326919219007,1.5524326915024298,1.5524326911548965,1.5524326908902932,1.552432690723205,1.5524326906722872,1.5524326907637975,1.5524326910350525,1.5524326915406474,1.552432692365613,1.552432693648569,1.5524326956322474,1.5524326987843,1.552432704133503,1.293607607637182e-6,0.2471180234997046,0.2640805740272838,0.2640805169545262,0.26408053151169625,0.2640805004880321,0.2640807561970698,0.26407992575658584
-2.5950643805802454e-12,-2.595638388457272e-12,-2.5961350855948725e-12,-2.596557588588829e-12,-2.5969114641600947e-12,-2.59721055759076e-12,-2.597468172201459e-12,-2.5976961962176706e-12,-2.597907113459249e-12,-2.598112873705365e-12,-2.598326217745649e-12,-2.5985690919258e-12,-2.5989402579593677e-12,-2.599939545586597e-12,-2.5878635306056736e-12,-2.5945204441761808e-12,-2.595039479223651e-12,-2.595013735610834e-12,-2.5948875416745562e-12,-2.5952678473418556e-12,-2.5949372476666635e-12,-2.5949918367617872e-12,-9.61667141799076e-10,-2.581793454041235e-12,-2.581781165414785e-12,-2.582018127106821e-12,-2.5820961201204513e-12,-2.581694357041516e-12,-2.581677104568576e-12,-2.5812930631024855e-12
-2.5279456851002035e-12,-2.5281287846730983e-12,-2.528287060370507e-12,-2.528421570214543e-12,-2.5285341164804253e-12,-2.528629139649987e-12,-2.528710886815677e-12,-2.5287831409843487e-12,-2.528849852506254e-12,-2.5289147893026454e-12,-2.5289819431449155e-12,-2.529058309796276e-12,-2.5291763120365905e-12,-2.5295161284209723e-12,-2.525724658214408e-12,-2.5278507992330534e-12,-2.527940459930616e-12,-2.5279402737514484e-12,-2.5278893193810377e-12,-2.528022851393478e-12,-2.527921518329977e-12,-2.5279472770832855e-12,-4.853881093212484e-10,-2.5245806567942597e-12,-2.5245358279270376e-12,-2.524604874449035e-12,-2.524631755550969e-12,-2.5245031005016e-12,-2.524496893071675e-12,-2.5243679996960282e-12
-6.747300000102831,-6.747300000102743,-6.747300000101707,-6.747300000099413,-6.747300000099414,-6.747300000099393,-6.7473000000993615,-6.7473000000993215,-6.747300000099273,-6.747300000099214,-6.747300000099145,-6.747300000099062,-6.7473000000989645,-6.747300000098847,-6.747300000098708,-6.747300000098541,-6.74730000009834,-6.747300000098097,-6.747300000097705,-6.747300000097273,-6.747300000097279,-6.7473000000971535,-1.8410373867054035,-1.841037385358379,-1.841037384131684,-1.841037382533849,-1.8410373803690951,-1.8410373772712376,-1.8410373724722147,-1.8410373435335
-2.5587524348146688e-12,-2.5591207047135434e-12,-2.5594389996265745e-12,-2.5597093731987438e-12,-2.5599355497774023e-12,-2.5601264770884977e-12,-2.560290710342439e-12,-2.5604358668582373e-12,-2.56056990782326e-12,-2.5607004177034548e-12,-2.5608354311296786e-12,-2.5609887701783376e-12,-2.5612235027540137e-12,-2.5617684750279652e-12,-2.5540379359152475e-12,-2.5583229265515473e-12,-2.558773281911585e-12,-2.558760159787994e-12,-2.5586865512847406e-12,-2.558912682068275e-12,-2.5587245345045048e-12,-2.5587581468752477e-12,-7.315259134551856e-10,-2.5509048337626295e-12,-2.5508721580656552e-12,-2.5510235314839423e-12,-2.5510687042659534e-12,-2.5508045873375323e-12,-2.5507975946089548e-12,-2.550571637417346e-12
0.08005878014015955,0.08005877994840839,0.08005877997170828,0.08005878045532536,0.08005878042447839,0.08005878039541943,0.08005878036838,0.08005878034361703,0.08005878032141606,0.08005878030211706,0.08005878028612684,0.08005878027395363,0.08005878026626555,0.08005878026392269,0.0800587802681376,0.08005878028061375,0.08005878030387444,0.08005878034182981,0.08005878040085299,0.08005878049211654,0.08005878063713617,0.08005878088324099,5.9498097494716715e-8,0.012865404378427371,0.013655449958585046,0.013655447309458139,0.013655447983015179,0.013655446541147162,0.013655458400366837,0.01365541984935896
6.060325100576196,6.060325094722091,6.060325095432694,6.06032511019567,6.060325109253943,6.060325108366752,6.060325107541224,6.060325106785193,6.0603251061073715,6.060325105518199,6.060325105029932,6.060325104658242,6.060325104423476,6.0603251043518815,6.0603251044803494,6.0603251048611915,6.060325105571197,6.060325106729747,6.060325108531445,6.060325111317366,6.060325115744719,6.060325123258081,0.11835603086039599,0.4792009284160504,0.5031180400235055,0.5031179584415227,0.503117977299692,0.5031179312629518,0.5031182877163272,0.5031170963390625
16.67838020896344,16.678380126503114,16.678380136525423,16.678380344504834,16.678380331239605,16.6783803187434,16.678380307116054,16.678380296466763,16.67838028691972,16.678380278620207,16.678380271744015,16.678380266510704,16.678380263202598,16.678380262196328,16.678380264008513,16.678380269373616,16.67838027937826,16.67838029570111,16.67838032108397,16.678380360331786,16.67838042269446,16.67838052853007,0.11739710364493504,3.343645744620045,3.6010866119227973,3.601085729596319,3.601085959036308,3.601085483225847,3.6010894568181184,3.60107662819353
-2.7149605000330636e-11,-2.714960067710363e-11,-2.7149597111726663e-11,-2.7149594181748127e-11,-2.7149591815282305e-11,-2.714958988668624e-11,-2.714958828559959e-11,-2.7149586922238177e-11,-2.7149585711844084e-11,-2.7149584584964167e-11,-2.714958346593775e-11,-2.714958220487019e-11,-2.714957996716378e-11,-2.714959222335476e-11,-2.7149688189086973e-11,-2.7149631953980568e-11,-2.714961962078395e-11,-2.7149622440536496e-11,-2.7149621619625493e-11,-2.7149622605370787e-11,-2.7149627418915833e-11,-2.7149626582279364e-11,-2.7138248058983567e-11,-2.714968584395434e-11,-2.7149684595466097e-11,-2.7149679660765877e-11,-2.7149680316957013e-11,-2.7149686397485233e-11,-2.7149779589483264e-11,-2.7149131939789408e-11
-2.5279455230888895e-12,-2.528128652471294e-12,-2.5282869538038532e-12,-2.5284214857807474e-12,-2.528534051141772e-12,-2.5286290910552002e-12,-2.528710853313812e-12,-2.528783121627303e-12,-2.528849847119753e-12,-2.5289147985220426e-12,-2.5289819684626623e-12,-2.5290583536408e-12,-2.5291763776153273e-12,-2.529516411986113e-12,-2.525722359582536e-12,-2.5278506322299083e-12,-2.5279404749626235e-12,-2.5279402791575067e-12,-2.527889321415533e-12,-2.5280228396129957e-12,-2.5279215422085213e-12,-2.5279472751366645e-12,-4.853881093327146e-10,-2.5245806682443587e-12,-2.5245358387704465e-12,-2.524604892991636e-12,-2.524631775236441e-12,-2.524503113277332e-12,-2.524496903758181e-12,-2.5243680184001167e-12
-1.1128191001613053,-1.1128190999695386,-1.1128190999926293,-1.1128191004757784,-1.1128191004449306,-1.1128191004158685,-1.1128191003888224,-1.1128191003640526,-1.1128191003418417,-1.1128191003225298,-1.1128191003065253,-1.1128191002943368,-1.1128191002866277,-1.1128191002842636,-1.1128191002884331,-1.1128191003008836,-1.1128191003241037,-1.1128191003620118,-1.112819100420955,-1.11281910051213,-1.1128191006571506,-1.1128191009032284,-0.03217163093018429,-0.045036976993739944,-0.045827022323724806,-0.04582701934873425,-0.04582701958080884,-0.04582701750715994,-0.045827028387661325,-0.045826983934858574
-12.944020143135464,-12.944020104058827,-12.944020108807397,-12.944020207363504,-12.944020201077349,-12.944020195155591,-12.944020189645576,-12.944020184599015,-12.94402018007479,-12.944020176141743,-12.944020172883176,-12.944020170403164,-12.944020168835378,-12.94402016835844,-12.944020169217161,-12.9440201717594,-12.944020176500302,-12.944020184235233,-12.944020196263411,-12.944020214861945,-12.944020244414542,-12.944020294568174,-1.3605737683449342,-2.8278520653862804,-2.9476755146883273,-2.947675101968885,-2.94767520725312,-2.9476749829194,-2.947676832137888,-2.9476708268754197
-0.6967457833219739,-0.6967457833219632,-0.6967457833218201,-0.6967457833215098,-0.6967457833215008,-0.6967457833215019,-0.6967457833215001,-0.6967457833214915,-0.6967457833214854,-0.6967457833214767,-0.6967457833214692,-0.696745783321459,-0.6967457833214417,-0.6967457833214271,-0.6967457833214064,-0.6967457833213848,-0.6967457833213581,-0.6967457833213253,-0.6967457833212729,-0.6967457833212116,-0.6967457833212088,-0.6967457833211941,-0.021704368989678077,-0.021704368804344894,-0.02170436863556786,-0.02170436841572466,-0.02170436811787917,-0.021704367691655114,-0.02170436703136635,-0.02170436304975659
0.15229705525244897,0.1522970548986998,0.15229705494168377,0.15229705583387634,0.15229705577696864,0.1522970557233595,0.15229705567347637,0.15229705562779286,0.15229705558683584,0.15229705555123213,0.15229705552173295,0.15229705549927527,0.15229705548509206,0.15229705548076977,0.15229705548854566,0.15229705551156195,0.1522970555544738,0.15229705562449516,0.15229705573338304,0.15229705590174905,0.15229705616928668,0.1522970566233089,1.2899446165397077e-7,0.02443856632062447,0.025908739211989468,0.02590873429273401,0.02590873554197613,0.025908732863213442,0.02590875487799216,0.025908683287949145
0.11139616761402732,0.11139616733697313,0.11139616737063915,0.11139616806940184,0.11139616802483215,0.11139616798284586,0.11139616794377763,0.11139616790799863,0.11139616787592121,0.11139616784803685,0.11139616782493308,0.11139616780734456,0.11139616779623658,0.11139616779285155,0.11139616779894156,0.11139616781696801,0.1113961678505767,0.1113961679054173,0.11139616799069794,0.11139616812256187,0.11139616833209547,0.11139616868768348,8.380441782154292e-8,0.017713030216992828,0.018830600650483312,0.018830596896099554,0.018830597851625653,0.018830595809011794,0.018830612620501435,0.018830557987519994
5.802364715139284,5.8023647150005875,5.802364715016578,5.802364715364314,5.802364715342013,5.8023647153209925,5.802364715301405,5.802364715283477,5.802364715267387,5.802364715253388,5.802364715241754,5.802364715232892,5.802364715227265,5.802364715225481,5.802364715228403,5.802364715237293,5.80236471525393,5.802364715281168,5.802364715323533,5.80236471538915,5.802364715494033,5.802364715671811,1.8351672058020863,1.6807350486468327,1.6794346474883646,1.67943464974521,1.67943464697682,1.6794346463032355,1.6794346259981476,1.6794346539869223
2.0557177010681813,2.0557176914319566,2.0557176926030727,2.055717716907401,2.055717715357194,2.055717713896904,2.055717712538059,2.0557177112936325,2.055717710177917,2.0557177092080714,2.0557177084045026,2.0557177077932027,2.0557177074062993,2.055717707288802,2.055717707500649,2.0557177081273825,2.0557177092966095,2.055717711204077,2.05571771417031,2.055717718756731,2.0557177260446466,2.055717738412434,8.934656743055046e-7,0.24481975353288787,0.26968467481986286,0.2696845885074587,0.2696846107527147,0.2696845640343826,0.2696849518187531,0.2696836964351307
4.907534196866626,4.907534185995471,4.907534187316828,4.907534214736073,4.907534212987238,4.907534211339792,4.9075342098067996,4.907534208402939,4.9075342071442964,4.9075342060502205,4.907534205143662,4.90753420445345,4.907534204017894,4.907534203885169,4.90753420412235,4.9075342048307995,4.907534206149588,4.907534208301524,4.907534211647942,4.907534216822299,4.90753422504423,4.9075342389970285,6.628335151853488e-6,1.269772454824008,1.3629409103121521,1.3629405938509414,1.3629406753123583,1.3629405039346512,1.3629419252665826,1.3629373222254266
-6.459966884848615,-6.459966869809675,-6.459966871637529,-6.459966909568535,-6.4599669071492265,-6.459966904870191,-6.459966902749475,-6.459966900807368,-6.459966899066196,-6.4599668975526505,-6.459966896298559,-6.459966895343743,-6.459966894741099,-6.459966894557456,-6.459966894886148,-6.459966895865851,-6.459966897690235,-6.459966900667137,-6.45996690529651,-6.459966912454546,-6.45996692382853,-6.4599669431305315,-7.92194275949067e-6,-1.5168904783237127,-1.627021484339436,-1.6270211108054675,-1.6270212068240546,-1.6270210044226834,-1.6270226814636526,-1.6270172479820124
-2.593428493651666e-12,-2.594002501708979e-12,-2.5944991990119605e-12,-2.5949217021554955e-12,-2.5952755778375285e-12,-2.5955746713675687e-12,-2.5958322860606253e-12,-2.596060310153889e-12,-2.596271227464161e-12,-2.5964769877763714e-12,-2.5966903318868563e-12,-2.5969332061454808e-12,-2.5973043723011217e-12,-2.598303660252944e-12,-2.5862276413191113e-12,-2.592884557073283e-12,-2.593403592287621e-12,-2.5933778486686867e-12,-2.593251654692584e-12,-2.593631960482782e-12,-2.5933013607032165e-12,-2.5933559498225143e-12,9.565044293362509e-10,-2.5713572686904275e-12,-2.571984704913086e-12,-2.5722216650477388e-12,-2.5722996587307824e-12,-2.5718978937640768e-12,-2.5718806503083725e-12,-2.5714965786926564e-12
2.6241365793327085,2.6241365808802923,2.6241365806917,2.624136576787222,2.624136577036192,2.6241365772707193,2.6241365774889256,2.6241365776887737,2.624136577867932,2.6241365780236694,2.6241365781526738,2.624136578250885,2.624136578312899,2.624136578331746,2.624136578297689,2.624136578196893,2.624136578009037,2.624136577702571,2.6241365772260017,2.6241365764891853,2.624136575318766,2.6241365733323434,0.8808099596808632,0.6126496337912432,0.6043946710114214,0.604394697072194,0.6043946890472573,0.6043947020193289,0.6043945788515721,0.6043949550033294
-2.5271440671218987e-12,-2.5273271667253883e-12,-2.5274854424489178e-12,-2.5276199523208362e-12,-2.5277324986053024e-12,-2.5278275217873657e-12,-2.527909268963473e-12,-2.527981523143253e-12,-2.5280482346767632e-12,-2.5281131714851953e-12,-2.5281803253361508e-12,-2.5282566919992224e-12,-2.5283746942552924e-12,-2.5287145106995192e-12,-2.5249230398833156e-12,-2.527049181241749e-12,-2.5271388419547887e-12,-2.5271386557768017e-12,-2.52708770140102e-12,-2.5272212334345908e-12,-2.527119900356068e-12,-2.5271456591164093e-12,4.803418384908865e-10,-2.5195237656893886e-12,-2.5197815677016846e-12,-2.519850613331926e-12,-2.5198774947039985e-12,-2.5197488390134285e-12,-2.5197426358594345e-12,-2.519613728444917e-12
2.269617314874086,2.2696173152899197,2.269617315238955,2.2696173141891167,2.269617314256026,2.2696173143190252,2.269617314377696,2.2696173144313616,2.269617314479492,2.26961731452132,2.269617314556018,2.2696173145823653,2.269617314598967,2.2696173146039738,2.2696173145948433,2.269617314567668,2.2696173145171765,2.2696173144347607,2.269617314306539,2.269617314108436,2.2696173137938036,2.2696173132601096,4.326637646752078e-6,0.4633007913354457,0.46720199126767376,0.46720197988196344,0.4672019819344776,0.46720197500740857,0.46720202206121575,0.46720185450856655
12.23457887523463,12.23457887509585,12.234578875110868,12.234578875456453,12.234578875434153,12.234578875413112,12.234578875393494,12.23457887537553,12.234578875359393,12.23457887534534,12.23457887533364,12.2345788753247,12.234578875318983,12.234578875317085,12.23457887531989,12.234578875328618,12.234578875345065,12.234578875372076,12.234578875414073,12.234578875479283,12.234578875584173,12.234578875761834,3.6663893373292766,3.5119571779517353,3.5106567756428975,3.510656776401326,3.5106567716028745,3.510656768024183,3.5106567432186706,3.510656744069315
6.747300000102831,6.747300000102743,6.747300000101707,6.747300000099413,6.747300000099414,6.747300000099393,6.7473000000993615,6.7473000000993215,6.747300000099273,6.747300000099214,6.747300000099145,6.747300000099062,6.7473000000989645,6.747300000098847,6.747300000098708,6.747300000098541,6.74730000009834,6.747300000098097,6.747300000097705,6.747300000097273,6.747300000097279,6.7473000000971535,1.8410373867054035,1.841037385358379,1.841037384131684,1.841037382533849,1.8410373803690951,1.8410373772712376,1.8410373724722147,1.8410373435335
4.920739531893236,4.9207395124697015,4.920739514829982,4.9207395638187,4.92073956069406,4.9207395577506565,4.920739555011857,4.920739552503516,4.920739550254707,4.920739548299613,4.920739546679992,4.920739545447253,4.92073954466779,4.920739544430818,4.920739544857678,4.920739546120975,4.920739548478103,4.920739552322796,4.920739558301593,4.920739567546368,4.920739582235019,4.9207396071648,0.0015104197654481634,0.6526184143276946,0.7117241161176201,0.7117239125648115,0.7117239649130072,0.7117238546376848,0.7117247686327063,0.7117218077770887
-2.5575090124330274e-12,-2.557877282424868e-12,-2.5581955774173085e-12,-2.5584659510606723e-12,-2.558692127699641e-12,-2.558883055057699e-12,-2.559047288350108e-12,-2.559192444903457e-12,-2.559326485899735e-12,-2.5594569958094775e-12,-2.559592009272642e-12,-2.5597453483576842e-12,-2.5599800809914015e-12,-2.560525053403252e-12,-2.5527945123682665e-12,-2.557079504068795e-12,-2.557529859538257e-12,-2.557516737413477e-12,-2.5574431288952277e-12,-2.5576692597333736e-12,-2.557481112124916e-12,-2.5575147245100356e-12,7.264266458105104e-10,-2.543174174860795e-12,-2.5435878180434406e-12,-2.5437391902743874e-12,-2.543784363480196e-12,-2.5435202453994603e-12,-2.543513258975221e-12,-2.543287280932003e-12
1.371757314645026,1.3717573051251435,1.3717573062821757,1.3717573302930668,1.371757328761614,1.3717573273189934,1.3717573259766562,1.3717573247472712,1.3717573236450913,1.3717573226868656,1.3717573218930699,1.3717573212888974,1.3717573209068754,1.37175732079076,1.3717573210000134,1.3717573216192003,1.371757322774532,1.3717573246589423,1.3717573275893598,1.371757332120513,1.371757339319721,1.3717573515383814,-0.030662105170697805,0.2820265165140524,0.3107893127730243,0.3107892139640052,0.31078923989566837,0.3107891868168618,0.3107896329107666,0.31078819679789055
2.4361631170869043,2.4361631073750196,2.436163108555177,2.436163133049855,2.436163131487516,2.4361631300157947,2.436163128646378,2.436163127392193,2.4361631262677736,2.4361631252902183,2.4361631244803967,2.4361631238640187,2.4361631234742878,2.436163123355795,2.4361631235692323,2.436163124200891,2.4361631253794678,2.4361631273018416,2.436163130291278,2.4361631349137256,2.4361631422581467,2.4361631547231903,8.940059616876547e-7,0.3255549208199023,0.3551077810208709,0.355107679252072,0.35510770543653,0.3551076503136631,0.35510810733427833,0.35510662704433965
2.4361468348030226,2.4361468250913734,2.4361468262715054,2.4361468507655673,2.4361468492032667,2.4361468477315835,2.436146846362201,2.436146845108046,2.4361468439836558,2.4361468430061186,2.4361468421963193,2.4361468415799585,2.4361468411902285,2.436146841071749,2.4361468412851814,2.4361468419168166,2.43614684309537,2.43614684501769,2.436146848007055,2.436146852629387,2.4361468599736162,2.4361468724383557,8.94005961687705e-7,0.3255548610381801,0.3551077026388679,0.3551076008701388,0.3551076270545792,0.35510757193175024,0.3551080289520518,0.3551065486631281
-0.08005878014015955,-0.08005877994840839,-0.08005877997170828,-0.08005878045532536,-0.08005878042447839,-0.08005878039541943,-0.08005878036838,-0.08005878034361703,-0.08005878032141606,-0.08005878030211706,-0.08005878028612684,-0.08005878027395363,-0.08005878026626555,-0.08005878026392269,-0.0800587802681376,-0.08005878028061375,-0.08005878030387444,-0.08005878034182981,-0.08005878040085299,-0.08005878049211654,-0.08005878063713617,-0.08005878088324099,-5.9498097494719045e-8,-0.012865404378427371,-0.013655449958585046,-0.013655447309458139,-0.013655447983015179,-0.013655446541147162,-0.013655458400366837,-0.01365541984935896
2.269617314874086,2.2696173152899197,2.269617315238955,2.2696173141891167,2.269617314256026,2.2696173143190252,2.269617314377696,2.2696173144313616,2.269617314479492,2.26961731452132,2.269617314556018,2.2696173145823653,2.269617314598967,2.2696173146039738,2.2696173145948433,2.269617314567668,2.2696173145171765,2.2696173144347607,2.269617314306539,2.269617314108436,2.2696173137938036,2.2696173132601096,4.326637646752071e-6,0.4633007913354457,0.46720199126767376,0.46720197988196344,0.4672019819344776,0.46720197500740857,0.46720202206121575,0.46720185450856655
-16.67838020896344,-16.678380126503114,-16.678380136525423,-16.678380344504834,-16.678380331239605,-16.6783803187434,-16.678380307116054,-16.678380296466763,-16.67838028691972,-16.678380278620207,-16.678380271744015,-16.678380266510704,-16.678380263202598,-16.678380262196328,-16.678380264008513,-16.678380269373616,-16.67838027937826,-16.67838029570111,-16.67838032108397,-16.678380360331786,-16.67838042269446,-16.67838052853007,-0.11739710364493504,-3.343645744620045,-3.6010866119227973,-3.601085729596319,-3.601085959036308,-3.601085483225847,-3.6010894568181184,-3.60107662819353
1.2135493189270008,1.2135493195781266,1.213549319498773,1.2135493178559813,1.2135493179607248,1.213549318059385,1.2135493181511974,1.2135493182352761,1.2135493183106532,1.2135493183761876,1.213549318430461,1.2135493184717268,1.2135493184978812,1.213549318505804,1.2135493184914603,1.2135493184490334,1.2135493183700095,1.2135493182410577,1.2135493180405386,1.2135493177305465,1.2135493172380858,1.2135493164023594,0.8759196264853587,0.2550409435833025,0.24741675566693325,0.2474167785119762,0.24741677191787706,0.24741678367114314,0.2474166777498542,0.2474170084619348
1.8930466007033135,1.8930466009335156,1.8930466009051943,1.893046600323779,1.8930466003608248,1.8930466003957243,1.8930466004281665,1.8930466004578939,1.8930466004845352,1.8930466005076783,1.8930466005268471,1.8930466005414943,1.8930466005506363,1.893046600553417,1.8930466005483304,1.893046600533311,1.8930466005052922,1.8930466004596478,1.893046600388663,1.8930466002789228,1.893046600104846,1.8930465998092532,0.011256062646768846,0.40861928479600346,0.4107307044374826,0.410730698393153,0.41073069921291744,0.4107306953016715,0.410730719026609,0.41073062948106753
1.8930466007033135,1.8930466009335156,1.8930466009051943,1.893046600323779,1.8930466003608248,1.8930466003957243,1.8930466004281665,1.8930466004578939,1.8930466004845352,1.8930466005076783,1.8930466005268471,1.8930466005414943,1.8930466005506363,1.893046600553417,1.8930466005483304,1.893046600533311,1.8930466005052922,1.8930466004596478,1.893046600388663,1.8930466002789228,1.893046600104846,1.8930465998092532,0.011256062646768846,0.40861928479600346,0.4107307044374826,0.410730698393153,0.41073069921291744,0.4107306953016715,0.410730719026609,0.41073062948106753
-2.5271439112560006e-12,-2.5273270406686912e-12,-2.5274853420255563e-12,-2.5276198740304143e-12,-2.527732439408187e-12,-2.5278274793354017e-12,-2.5279092416074116e-12,-2.52798150992981e-12,-2.5280482354355524e-12,-2.52811318684892e-12,-2.5281803567976027e-12,-2.5282567419901938e-12,-2.5283747659815184e-12,-2.5287148004062066e-12,-2.524920747396909e-12,-2.5270490203843347e-12,-2.527138863130764e-12,-2.5271386673288636e-12,-2.527087709576684e-12,-2.5272212277980023e-12,-2.5271199303814018e-12,-2.5271456633150804e-12,4.803418384771205e-10,-2.5195237783499744e-12,-2.5197815798664523e-12,-2.5198506331962233e-12,-2.5198775157102118e-12,-2.519748853105361e-12,-2.5197426478628826e-12,-2.5196137484671105e-12
0.901673763752678,0.901673775647739,0.9016737742014463,0.9016737441987259,0.9016737461122468,0.9016737479149077,0.9016737495922241,0.9016737511283489,0.9016737525055929,0.9016737537026785,0.9016737546945414,0.9016737554496463,0.9016737559265079,0.9016737560717571,0.9016737558102227,0.9016737550361447,0.9016737535928911,0.9016737512381562,0.9016737475764848,0.9016737419145961,0.9016737329187071,0.9016737176514019,0.8920642355885703,0.41077904581716573,0.3648767439777943,0.3648768993984935,0.36487685757564503,0.364876940169425,0.36487623368404526,0.36487849031805564
1.6337815305204308,1.6337815259283008,1.6337815264863105,1.6337815380681664,1.633781537329452,1.6337815366335342,1.633781535985985,1.6337815353929517,1.6337815348612492,1.6337815343990936,1.633781534016155,1.633781533724639,1.6337815335405008,1.6337815334843881,1.6337815335853345,1.6337815338841117,1.6337815344412059,1.633781535350179,1.6337815367636501,1.633781538949287,1.6337815424221835,1.6337815483160765,8.936091709172877e-7,0.2815313161385935,0.2992969469050184,0.29929688641386554,0.29929690187519864,0.2992968690213207,0.2992971401961612,0.299296260087699
1.9817278857603857,1.981727880235241,1.9817278809066101,1.9817278948415815,1.9817278939527903,1.9817278931154738,1.9817278923363546,1.9817278916228394,1.9817278909830975,1.9817278904270472,1.9817278899662971,1.9817278896155657,1.981727889393999,1.9817278893264887,1.9817278894479369,1.9817278898074204,1.9817278904777047,1.9817278915713565,1.9817278932720022,1.9817278959016982,1.9817279000801937,1.9817279071715912,8.936102327069234e-7,0.3289585566289676,0.3509516845635715,0.35095160965046807,0.3509516288068112,0.3509515881277349,0.35095192399545505,0.3509508340761227
23.263903706935693,23.263903627234832,23.263903636920563,23.26390383793726,23.26390382511598,23.26390381303793,23.2639038017997,23.26390379150673,23.263903782279122,23.26390377425729,23.263903767611154,23.263903762552914,23.26390375935533,23.263903758382607,23.26390376013411,23.263903765319377,23.263903774989043,23.26390379076537,23.263903815298292,23.26390385323218,23.26390391350779,23.26390401580148,1.8403375774893471,5.043054496978798,5.290956358362713,5.290955506863057,5.290955725456461,5.290955263816952,5.290959085421684,5.290946698744991
9.218591149382465,9.218591122741746,9.21859112597911,9.21859119317035,9.218591188884666,9.218591184847368,9.218591181090723,9.218591177650286,9.218591174565791,9.218591171884556,9.21859116966298,9.218591167971645,9.218591166903636,9.218591166578097,9.218591167163755,9.218591168897095,9.218591172128898,9.218591177402237,9.218591185602518,9.218591198282272,9.218591218430223,9.218591252622765,0.7684032347755503,1.9489071385868355,2.029342791945455,2.029342515770272,2.0293425860652223,2.0293424358140886,2.0293436725065495,2.0293396536797492
1.1128191001613053,1.1128190999695386,1.1128190999926293,1.1128191004757784,1.1128191004449306,1.1128191004158685,1.1128191003888224,1.1128191003640526,1.1128191003418417,1.1128191003225298,1.1128191003065253,1.1128191002943368,1.1128191002866277,1.1128191002842636,1.1128191002884331,1.1128191003008836,1.1128191003241037,1.1128191003620118,1.112819100420955,1.11281910051213,1.1128191006571506,1.1128191009032284,0.03217163093018429,0.045036976993739944,0.045827022323724806,0.04582701934873425,0.04582701958080884,0.04582701750715994,0.045827028387661325,0.045826983934858574
12.944020143135464,12.944020104058827,12.944020108807397,12.944020207363504,12.944020201077349,12.944020195155591,12.944020189645576,12.944020184599015,12.94402018007479,12.944020176141743,12.944020172883176,12.944020170403164,12.944020168835378,12.94402016835844,12.944020169217161,12.9440201717594,12.944020176500302,12.944020184235233,12.944020196263411,12.944020214861945,12.944020244414542,12.944020294568174,1.3605737683449342,2.8278520653862804,2.9476755146883273,2.947675101968885,2.94767520725312,2.9476749829194,2.947676832137888,2.9476708268754197
4.157043152362658,4.15704315764196,4.157043156999321,4.1570431436816175,4.157043144530927,4.157043145330972,4.157043146075387,4.157043146757163,4.157043147368343,4.157043147899627,4.157043148339762,4.157043148674912,4.157043148886426,4.1570431489508115,4.157043148834765,4.15704314849102,4.157043147850336,4.157043146805096,4.157043145179597,4.157043142666384,4.1570431386737186,4.157043131897586,0.9205425145199865,0.8472735458354869,0.8269096465025486,0.826909714107718,0.8269096942925394,0.8269097288127446,0.8269094139596037,0.8269103919646843
1.3800996154303438,1.380099704764426,1.3800996939035415,1.3800994685797068,1.3800994829507744,1.3800994964886233,1.3800995090852122,1.3800995206221005,1.3800995309648596,1.3800995399560312,1.3800995474052091,1.3800995530746725,1.3800995566580727,1.3800995577479336,1.3800995557844287,1.3800995499714122,1.3800995391322533,1.380099521447996,1.3800994939479407,1.3800994514270584,1.3800993838656195,1.3800992692070526,5.297542156157876,1.6413653048634436,1.3557949537529523,1.3557959255832874,1.3557956653076717,1.3557961828318656,1.3557917710061034,1.3558058842534604
3.2634000000106047,3.26340000001057,3.2634000000101677,3.263400000009276,3.263400000009276,3.2634000000092676,3.2634000000092556,3.26340000000924,3.263400000009221,3.2634000000091983,3.263400000009171,3.263400000009139,3.263400000009101,3.2634000000090557,3.263400000009001,3.2634000000089363,3.2634000000088585,3.263400000008764,3.263400000008612,3.2634000000084433,3.263400000008446,3.263400000008397,1.3557957647681158,1.3557957642443792,1.3557957637674278,1.3557957631461734,1.3557957623044954,1.3557957611000173,1.3557957592341088,1.3557957479824456
3.2634000000106047,3.26340000001057,3.2634000000101677,3.263400000009276,3.263400000009276,3.2634000000092676,3.2634000000092556,3.26340000000924,3.263400000009221,3.2634000000091983,3.263400000009171,3.263400000009139,3.263400000009101,3.2634000000090557,3.263400000009001,3.2634000000089363,3.2634000000088585,3.263400000008764,3.263400000008612,3.2634000000084433,3.263400000008446,3.263400000008397,1.3557957647681158,1.3557957642443792,1.3557957637674278,1.3557957631461734,1.3557957623044954,1.3557957611000173,1.3557957592341088,1.3557957479824456
1.3800996154303438,1.380099704764426,1.3800996939035415,1.3800994685797068,1.3800994829507744,1.3800994964886233,1.3800995090852122,1.3800995206221005,1.3800995309648596,1.3800995399560312,1.3800995474052091,1.3800995530746725,1.3800995566580727,1.3800995577479336,1.3800995557844287,1.3800995499714122,1.3800995391322533,1.380099521447996,1.3800994939479407,1.3800994514270584,1.3800993838656195,1.3800992692070526,5.297542156157876,1.6413653048634436,1.3557949537529523,1.3557959255832874,1.3557956653076717,1.3557961828318656,1.3557917710061034,1.3558058842534604
1.8833003845802607,1.8833002952461442,1.883300306106626,1.8833005314295694,1.8833005170585018,1.8833005035206443,1.8833004909240434,1.8833004793871395,1.8833004690443613,1.8833004600531673,1.8833004526039623,1.883300446934467,1.8833004433510285,1.8833004422611221,1.8833004442245727,1.883300450037524,1.8833004608766053,1.8833004785607679,1.8833005060606711,1.8833005485813852,1.8833006161428265,1.8833007308013445,-3.941746391389761,-0.28556954061906437,8.100144754673441e-7,-1.6243711402070294e-7,9.699682373875912e-8,-4.217318485407641e-7,3.988228005487683e-6,-1.0136271014840578e-5
